,date,bib6,bio6,bib8,bio8
1,1929-07-01,141,141,169,169
2,1929-07-02,141,141,169,169
3,1929-07-03,141,141,169,169
4,1929-07-04,141,141,169,169
5,1929-07-05,141,141,169,169
6,1929-07-06,141,141,169,169
7,1929-07-07,141,141,169,169
8,1929-07-08,141,141,169,169
9,1929-07-09,141,141,169,169
10,1929-07-10,141,141,169,169
11,1929-07-11,141,141,169,169
12,1929-07-12,141,141,169,169
13,1929-07-13,141,141,169,169
14,1929-07-14,141,141,169,169
15,1929-07-15,141,141,169,169
16,1929-07-16,141,141,169,169
17,1929-07-17,141,141,169,169
18,1929-07-18,141,141,169,169
19,1929-07-19,141,141,169,169
20,1929-07-20,141,141,169,169
21,1929-07-21,141,141,169,169
22,1929-07-22,141,141,169,169
23,1929-07-23,141,141,169,169
24,1929-07-24,141,141,169,169
25,1929-07-25,141,141,169,169
26,1929-07-26,141,141,169,169
27,1929-07-27,141,141,169,169
28,1929-07-28,141,141,169,169
29,1929-07-29,141,141,169,169
30,1929-07-30,141,141,169,169
31,1929-07-31,141,141,169,169
32,1929-08-01,141,141,169,169
33,1929-08-02,141,141,169,169
34,1929-08-03,141,141,169,169
35,1929-08-04,141,141,169,169
36,1929-08-05,141,141,169,169
37,1929-08-06,141,141,169,169
38,1929-08-07,141,141,169,169
39,1929-08-08,141,141,169,169
40,1929-08-09,141,141,169,169
41,1929-08-10,141,141,169,169
42,1929-08-11,141,141,169,169
43,1929-08-12,141,141,169,169
44,1929-08-13,141,141,169,169
45,1929-08-14,141,141,169,169
46,1929-08-15,141,141,169,169
47,1929-08-16,141,141,169,169
48,1929-08-17,141,141,169,169
49,1929-08-18,141,141,169,169
50,1929-08-19,141,141,169,169
51,1929-08-20,141,141,169,169
52,1929-08-21,141,141,169,169
53,1929-08-22,141,141,169,169
54,1929-08-23,141,141,169,169
55,1929-08-24,141,141,169,169
56,1929-08-25,141,141,169,169
57,1929-08-26,141,141,169,169
58,1929-08-27,141,141,169,169
59,1929-08-28,141,141,169,169
60,1929-08-29,141,141,169,169
61,1929-08-30,141,141,169,169
62,1929-08-31,141,141,169,169
63,1929-09-01,141,141,169,169
64,1929-09-02,141,141,169,169
65,1929-09-03,141,141,169,169
66,1929-09-04,141,141,169,169
67,1929-09-05,141,141,169,169
68,1929-09-06,141,141,169,169
69,1929-09-07,141,141,169,169
70,1929-09-08,141,141,169,169
71,1929-09-09,141,141,169,169
72,1929-09-10,141,141,169,169
73,1929-09-11,141,141,169,169
74,1929-09-12,141,141,169,169
75,1929-09-13,141,141,169,169
76,1929-09-14,141,141,169,169
77,1929-09-15,141,141,169,169
78,1929-09-16,141,141,169,169
79,1929-09-17,141,141,169,169
80,1929-09-18,141,141,169,169
81,1929-09-19,141,141,170,170
82,1929-09-20,141,141,170,170
83,1929-09-21,141,141,170,170
84,1929-09-22,141,141,170,170
85,1929-09-23,141,141,170,170
86,1929-09-24,141,141,170,170
87,1929-09-25,141,141,170,170
88,1929-09-26,141,141,170,170
89,1929-09-27,141,141,170,170
90,1929-09-28,141,141,170,170
91,1929-09-29,141,141,170,170
92,1929-09-30,141,141,170,170
93,1929-10-01,141,141,170,170
94,1929-10-02,141,141,170,170
95,1929-10-03,141,141,170,170
96,1929-10-04,141,141,170,170
97,1929-10-05,141,141,170,170
98,1929-10-06,141,141,170,170
99,1929-10-07,141,141,170,170
100,1929-10-08,141,141,170,170
101,1929-10-09,141,141,170,170
102,1929-10-10,141,141,170,170
103,1929-10-11,141,141,170,170
104,1929-10-12,141,141,170,170
105,1929-10-13,141,141,170,170
106,1929-10-14,141,141,170,170
107,1929-10-15,141,141,170,170
108,1929-10-16,141,141,170,170
109,1929-10-17,141,141,170,170
110,1929-10-18,141,141,170,170
111,1929-10-19,141,141,170,170
112,1929-10-20,141,141,170,170
113,1929-10-21,141,141,170,170
114,1929-10-22,141,141,170,170
115,1929-10-23,141,141,170,170
116,1929-10-24,141,141,170,170
117,1929-10-25,141,141,170,170
118,1929-10-26,141,141,170,170
119,1929-10-27,141,141,170,170
120,1929-10-28,141,141,170,170
121,1929-10-29,141,141,170,170
122,1929-10-30,141,141,170,170
123,1929-10-31,141,141,170,170
124,1929-11-01,141,141,170,170
125,1929-11-02,141,141,170,170
126,1929-11-03,141,141,170,170
127,1929-11-04,141,141,170,170
128,1929-11-05,141,141,170,170
129,1929-11-06,141,141,170,170
130,1929-11-07,141,141,170,170
131,1929-11-08,141,141,170,170
132,1929-11-09,141,141,170,170
133,1929-11-10,141,141,170,170
134,1929-11-11,141,141,170,170
135,1929-11-12,141,141,170,170
136,1929-11-13,141,141,170,170
137,1929-11-14,141,141,170,170
138,1929-11-15,141,141,170,170
139,1929-11-16,141,141,170,170
140,1929-11-17,141,141,170,170
141,1929-11-18,141,141,170,170
142,1929-11-19,141,141,170,170
143,1929-11-20,141,141,170,170
144,1929-11-21,141,141,170,170
145,1929-11-22,141,141,170,170
146,1929-11-23,141,141,170,170
147,1929-11-24,141,141,170,170
148,1929-11-25,141,141,170,170
149,1929-11-26,141,141,170,170
150,1929-11-27,141,141,170,170
151,1929-11-28,141,141,170,170
152,1929-11-29,141,141,170,170
153,1929-11-30,141,141,170,170
154,1929-12-01,141,141,170,170
155,1929-12-02,141,141,170,170
156,1929-12-03,141,141,170,170
157,1929-12-04,141,141,170,170
158,1929-12-05,141,141,170,170
159,1929-12-06,141,141,170,170
160,1929-12-07,141,141,170,170
161,1929-12-08,141,141,170,170
162,1929-12-09,141,141,170,170
163,1929-12-10,141,141,170,170
164,1929-12-11,141,141,170,170
165,1929-12-12,141,141,170,170
166,1929-12-13,141,141,170,170
167,1929-12-14,141,141,170,170
168,1929-12-15,141,141,170,170
169,1929-12-16,141,141,170,170
170,1929-12-17,141,141,170,170
171,1929-12-18,141,141,170,170
172,1929-12-19,141,141,170,170
173,1929-12-20,141,141,170,170
174,1929-12-21,141,141,170,170
175,1929-12-22,141,141,170,170
176,1929-12-23,141,141,170,170
177,1929-12-24,141,141,170,170
178,1929-12-25,141,141,170,170
179,1929-12-26,141,141,170,170
180,1929-12-27,141,141,170,170
181,1929-12-28,141,141,170,170
182,1929-12-29,141,141,170,170
183,1929-12-30,141,141,170,170
184,1929-12-31,141,141,169,169
185,1930-01-01,141,141,169,169
186,1930-01-02,141,141,169,169
187,1930-01-03,141,141,169,169
188,1930-01-04,141,141,169,169
189,1930-01-05,141,141,169,169
190,1930-01-06,141,141,169,169
191,1930-01-07,141,141,169,169
192,1930-01-08,141,141,169,169
193,1930-01-09,141,141,169,169
194,1930-01-10,141,141,169,169
195,1930-01-11,141,141,169,169
196,1930-01-12,141,141,169,169
197,1930-01-13,141,141,169,169
198,1930-01-14,141,141,169,169
199,1930-01-15,141,141,169,169
200,1930-01-16,141,141,169,169
201,1930-01-17,141,141,169,169
202,1930-01-18,141,141,169,169
203,1930-01-19,141,141,169,169
204,1930-01-20,141,141,169,169
205,1930-01-21,141,141,169,169
206,1930-01-22,141,141,169,169
207,1930-01-23,141,141,169,169
208,1930-01-24,141,141,169,169
209,1930-01-25,141,141,169,169
210,1930-01-26,141,141,169,169
211,1930-01-27,141,141,169,169
212,1930-01-28,141,141,169,169
213,1930-01-29,141,141,169,169
214,1930-01-30,141,141,169,169
215,1930-01-31,141,141,169,169
216,1930-02-01,141,141,169,169
217,1930-02-02,141,141,169,169
218,1930-02-03,141,141,168,168
219,1930-02-04,141,141,168,168
220,1930-02-05,141,141,168,168
221,1930-02-06,141,141,168,168
222,1930-02-07,141,141,168,168
223,1930-02-08,141,141,168,168
224,1930-02-09,141,141,168,168
225,1930-02-10,141,141,168,168
226,1930-02-11,141,141,168,168
227,1930-02-12,141,141,168,168
228,1930-02-13,141,141,168,168
229,1930-02-14,141,141,168,168
230,1930-02-15,141,141,168,168
231,1930-02-16,141,141,168,168
232,1930-02-17,141,141,168,168
233,1930-02-18,141,141,167,167
234,1930-02-19,141,141,167,167
235,1930-02-20,141,141,167,167
236,1930-02-21,141,141,167,167
237,1930-02-22,141,141,167,167
238,1930-02-23,141,141,166,166
239,1930-02-24,141,141,166,166
240,1930-02-25,141,141,166,166
241,1930-02-26,141,141,166,166
242,1930-02-27,141,141,166,166
243,1930-02-28,141,141,166,166
244,1930-03-01,141,141,166,166
245,1930-03-02,141,141,166,166
246,1930-03-03,141,141,166,166
247,1930-03-04,141,141,166,166
248,1930-03-05,141,141,166,166
249,1930-03-06,141,141,166,166
250,1930-03-07,141,141,166,166
251,1930-03-08,141,141,166,166
252,1930-03-09,141,141,166,166
253,1930-03-10,141,141,166,166
254,1930-03-11,142,142,166,166
255,1930-03-12,142,142,166,166
256,1930-03-13,142,142,166,166
257,1930-03-14,142,142,166,166
258,1930-03-15,141,141,166,166
259,1930-03-16,141,141,166,166
260,1930-03-17,141,141,166,166
261,1930-03-18,141,141,166,166
262,1930-03-19,141,141,166,166
263,1930-03-20,141,141,166,166
264,1930-03-21,141,141,166,166
265,1930-03-22,141,141,166,166
266,1930-03-23,141,141,166,166
267,1930-03-24,141,141,166,166
268,1930-03-25,141,141,166,166
269,1930-03-26,141,141,166,166
270,1930-03-27,141,141,166,166
271,1930-03-28,141,141,166,166
272,1930-03-29,141,141,166,166
273,1930-03-30,141,141,166,166
274,1930-03-31,141,141,166,166
275,1930-04-01,141,141,166,166
276,1930-04-02,141,141,166,166
277,1930-04-03,141,141,166,166
278,1930-04-04,140,140,166,166
279,1930-04-05,139,139,166,166
280,1930-04-06,139,139,166,166
281,1930-04-07,139,139,166,166
282,1930-04-08,139,139,166,166
283,1930-04-09,139,139,166,166
284,1930-04-10,139,139,166,166
285,1930-04-11,139,139,166,166
286,1930-04-12,139,139,166,166
287,1930-04-13,139,139,166,166
288,1930-04-14,139,139,166,166
289,1930-04-15,139,139,166,166
290,1930-04-16,139,139,166,166
291,1930-04-17,139,139,166,166
292,1930-04-18,139,139,166,166
293,1930-04-19,139,139,166,166
294,1930-04-20,139,139,165,165
295,1930-04-21,139,139,165,165
296,1930-04-22,139,139,165,165
297,1930-04-23,139,139,165,165
298,1930-04-24,139,139,165,165
299,1930-04-25,139,139,165,165
300,1930-04-26,139,139,165,165
301,1930-04-27,139,139,165,165
302,1930-04-28,139,139,165,165
303,1930-04-29,139,139,165,165
304,1930-04-30,139,139,165,165
305,1930-05-01,139,139,165,165
306,1930-05-02,139,139,165,165
307,1930-05-03,139,139,165,165
308,1930-05-04,139,139,165,165
309,1930-05-05,139,139,165,165
310,1930-05-06,139,139,166,166
311,1930-05-07,139,139,166,166
312,1930-05-08,139,139,166,166
313,1930-05-09,139,139,166,166
314,1930-05-10,139,139,166,166
315,1930-05-11,139,139,166,166
316,1930-05-12,139,139,166,166
317,1930-05-13,139,139,165,165
318,1930-05-14,139,139,165,165
319,1930-05-15,139,139,165,165
320,1930-05-16,138,138,165,165
321,1930-05-17,137,137,165,165
322,1930-05-18,137,137,165,165
323,1930-05-19,137,137,165,165
324,1930-05-20,137,137,165,165
325,1930-05-21,137,137,165,165
326,1930-05-22,137,137,165,165
327,1930-05-23,136,136,165,165
328,1930-05-24,136,136,165,165
329,1930-05-25,136,136,165,165
330,1930-05-26,136,136,165,165
331,1930-05-27,136,136,165,165
332,1930-05-28,136,136,165,165
333,1930-05-29,136,136,165,165
334,1930-05-30,136,136,165,165
335,1930-05-31,136,136,165,165
336,1930-06-01,136,136,165,165
337,1930-06-02,136,136,165,165
338,1930-06-03,136,136,165,165
339,1930-06-04,136,136,165,165
340,1930-06-05,136,136,165,165
341,1930-06-06,136,136,165,165
342,1930-06-07,136,136,165,165
343,1930-06-08,136,136,165,165
344,1930-06-09,136,136,165,165
345,1930-06-10,136,136,165,165
346,1930-06-11,136,136,165,165
347,1930-06-12,136,136,165,165
348,1930-06-13,136,136,165,165
349,1930-06-14,136,136,165,165
350,1930-06-15,136,136,165,165
351,1930-06-16,136,136,165,165
352,1930-06-17,136,136,165,165
353,1930-06-18,136,136,165,165
354,1930-06-19,136,136,165,165
355,1930-06-20,135,135,165,165
356,1930-06-21,135,135,165,165
357,1930-06-22,135,135,165,165
358,1930-06-23,135,135,165,165
359,1930-06-24,135,135,165,165
360,1930-06-25,135,135,165,165
361,1930-06-26,135,135,165,165
362,1930-06-27,135,135,165,165
363,1930-06-28,135,135,165,165
364,1930-06-29,135,135,165,165
365,1930-06-30,135,135,165,165
366,1930-07-01,135,135,165,165
367,1930-07-02,135,135,165,165
368,1930-07-03,135,135,165,165
369,1930-07-04,135,135,165,165
370,1930-07-05,135,135,165,165
371,1930-07-06,135,135,165,165
372,1930-07-07,135,135,165,165
373,1930-07-08,135,135,165,165
374,1930-07-09,135,135,165,165
375,1930-07-10,135,135,165,165
376,1930-07-11,135,135,165,165
377,1930-07-12,135,135,165,165
378,1930-07-13,135,135,165,165
379,1930-07-14,135,135,165,165
380,1930-07-15,135,135,165,165
381,1930-07-16,135,135,165,165
382,1930-07-17,135,135,165,165
383,1930-07-18,135,135,165,165
384,1930-07-19,135,135,165,165
385,1930-07-20,135,135,165,165
386,1930-07-21,135,135,165,165
387,1930-07-22,135,135,165,165
388,1930-07-23,135,135,165,165
389,1930-07-24,135,135,165,165
390,1930-07-25,135,135,165,165
391,1930-07-26,135,135,165,165
392,1930-07-27,135,135,165,165
393,1930-07-28,135,135,165,165
394,1930-07-29,135,135,165,165
395,1930-07-30,135,135,165,165
396,1930-07-31,135,135,165,165
397,1930-08-01,135,135,165,165
398,1930-08-02,135,135,165,165
399,1930-08-03,135,135,165,165
400,1930-08-04,135,135,165,165
401,1930-08-05,135,135,165,165
402,1930-08-06,135,135,165,165
403,1930-08-07,135,135,165,165
404,1930-08-08,135,135,165,165
405,1930-08-09,135,135,165,165
406,1930-08-10,135,135,166,166
407,1930-08-11,135,135,166,166
408,1930-08-12,135,135,166,166
409,1930-08-13,135,135,166,166
410,1930-08-14,135,135,166,166
411,1930-08-15,135,135,166,166
412,1930-08-16,135,135,166,166
413,1930-08-17,135,135,166,166
414,1930-08-18,135,135,166,166
415,1930-08-19,135,135,166,166
416,1930-08-20,135,135,166,166
417,1930-08-21,135,135,166,166
418,1930-08-22,135,135,166,166
419,1930-08-23,135,135,166,166
420,1930-08-24,135,135,166,166
421,1930-08-25,133,133,166,166
422,1930-08-26,133,133,166,166
423,1930-08-27,133,133,166,166
424,1930-08-28,133,133,166,166
425,1930-08-29,133,133,166,166
426,1930-08-30,133,133,166,166
427,1930-08-31,133,133,166,166
428,1930-09-01,133,133,166,166
429,1930-09-02,133,133,166,166
430,1930-09-03,133,133,166,166
431,1930-09-04,133,133,166,166
432,1930-09-05,133,133,166,166
433,1930-09-06,133,133,166,166
434,1930-09-07,133,133,166,166
435,1930-09-08,133,133,166,166
436,1930-09-09,133,133,166,166
437,1930-09-10,133,133,166,166
438,1930-09-11,133,133,166,166
439,1930-09-12,133,133,166,166
440,1930-09-13,133,133,166,166
441,1930-09-14,133,133,166,166
442,1930-09-15,133,133,166,166
443,1930-09-16,134,134,166,166
444,1930-09-17,134,134,166,166
445,1930-09-18,134,134,166,166
446,1930-09-19,134,134,166,166
447,1930-09-20,134,134,166,166
448,1930-09-21,134,134,166,166
449,1930-09-22,134,134,166,166
450,1930-09-23,134,134,166,166
451,1930-09-24,134,134,166,166
452,1930-09-25,134,134,166,166
453,1930-09-26,134,134,166,166
454,1930-09-27,134,134,166,166
455,1930-09-28,134,134,166,166
456,1930-09-29,134,134,166,166
457,1930-09-30,134,134,166,166
458,1930-10-01,134,134,166,166
459,1930-10-02,134,134,166,166
460,1930-10-03,134,133,166,166
461,1930-10-04,134,133,166,166
462,1930-10-05,134,133,166,166
463,1930-10-06,134,133,166,166
464,1930-10-07,134,133,166,166
465,1930-10-08,134,133,166,166
466,1930-10-09,134,133,166,166
467,1930-10-10,133,132,166,166
468,1930-10-11,133,132,166,166
469,1930-10-12,133,132,166,166
470,1930-10-13,133,132,166,166
471,1930-10-14,133,132,166,166
472,1930-10-15,133,132,165,165
473,1930-10-16,133,132,165,165
474,1930-10-17,133,132,165,165
475,1930-10-18,133,132,164,164
476,1930-10-19,133,132,163,163
477,1930-10-20,133,132,163,163
478,1930-10-21,133,132,163,163
479,1930-10-22,133,132,163,163
480,1930-10-23,133,132,163,163
481,1930-10-24,133,132,163,163
482,1930-10-25,133,132,163,163
483,1930-10-26,133,132,163,163
484,1930-10-27,133,132,163,163
485,1930-10-28,132,131,163,163
486,1930-10-29,132,131,163,163
487,1930-10-30,132,131,163,163
488,1930-10-31,132,131,163,163
489,1930-11-01,132,131,163,163
490,1930-11-02,131,130,163,163
491,1930-11-03,131,130,163,163
492,1930-11-04,131,130,163,163
493,1930-11-05,131,130,163,163
494,1930-11-06,131,130,163,163
495,1930-11-07,131,130,163,163
496,1930-11-08,131,130,163,163
497,1930-11-09,131,130,163,163
498,1930-11-10,131,130,163,163
499,1930-11-11,131,130,163,163
500,1930-11-12,131,130,163,163
501,1930-11-13,131,130,163,163
502,1930-11-14,131,130,163,163
503,1930-11-15,131,130,163,163
504,1930-11-16,131,130,163,163
505,1930-11-17,131,130,163,163
506,1930-11-18,131,130,163,163
507,1930-11-19,131,130,163,163
508,1930-11-20,131,130,162,162
509,1930-11-21,130,129,161,161
510,1930-11-22,130,129,161,161
511,1930-11-23,130,129,161,161
512,1930-11-24,130,129,161,161
513,1930-11-25,130,129,161,161
514,1930-11-26,130,129,161,161
515,1930-11-27,130,129,161,160
516,1930-11-28,130,129,161,160
517,1930-11-29,130,129,160,159
518,1930-11-30,130,129,160,159
519,1930-12-01,130,129,160,159
520,1930-12-02,130,129,160,159
521,1930-12-03,130,129,160,159
522,1930-12-04,130,129,160,159
523,1930-12-05,130,129,160,159
524,1930-12-06,130,129,160,159
525,1930-12-07,130,129,159,158
526,1930-12-08,129,128,159,158
527,1930-12-09,129,128,159,158
528,1930-12-10,129,128,159,158
529,1930-12-11,129,128,159,158
530,1930-12-12,129,128,159,158
531,1930-12-13,129,128,159,158
532,1930-12-14,129,128,159,158
533,1930-12-15,129,128,159,158
534,1930-12-16,129,128,159,158
535,1930-12-17,129,128,158,157
536,1930-12-18,129,128,158,157
537,1930-12-19,129,128,156,155
538,1930-12-20,129,128,153,151
539,1930-12-21,129,128,151,148
540,1930-12-22,129,128,151,148
541,1930-12-23,128,126,151,148
542,1930-12-24,128,126,150,146
543,1930-12-25,128,126,144,139
544,1930-12-26,128,126,144,138
545,1930-12-27,128,126,143,135
546,1930-12-28,128,126,143,134
547,1930-12-29,128,126,143,134
548,1930-12-30,128,125,143,134
549,1930-12-31,128,123,140,129
550,1931-01-01,128,123,140,129
551,1931-01-02,128,123,140,129
552,1931-01-03,128,123,138,124
553,1931-01-04,128,123,138,121
554,1931-01-05,128,123,138,121
555,1931-01-06,127,122,137,120
556,1931-01-07,126,121,135,118
557,1931-01-08,126,121,135,118
558,1931-01-09,126,121,134,116
559,1931-01-10,126,121,134,116
560,1931-01-11,126,121,133,112
561,1931-01-12,125,120,133,112
562,1931-01-13,125,119,133,112
563,1931-01-14,124,118,133,111
564,1931-01-15,123,117,133,111
565,1931-01-16,123,117,133,111
566,1931-01-17,123,117,133,111
567,1931-01-18,123,117,133,111
568,1931-01-19,123,117,133,111
569,1931-01-20,123,117,133,111
570,1931-01-21,122,116,133,111
571,1931-01-22,122,114,133,111
572,1931-01-23,122,114,133,111
573,1931-01-24,122,114,133,111
574,1931-01-25,122,114,133,112
575,1931-01-26,122,114,133,112
576,1931-01-27,121,113,133,112
577,1931-01-28,121,113,133,112
578,1931-01-29,121,113,133,112
579,1931-01-30,121,113,133,113
580,1931-01-31,121,114,133,113
581,1931-02-01,121,114,133,115
582,1931-02-02,121,114,133,115
583,1931-02-03,121,114,133,118
584,1931-02-04,121,114,133,118
585,1931-02-05,121,114,133,118
586,1931-02-06,121,114,133,119
587,1931-02-07,121,114,133,119
588,1931-02-08,121,114,133,118
589,1931-02-09,121,114,133,118
590,1931-02-10,121,114,133,118
591,1931-02-11,121,114,133,119
592,1931-02-12,121,114,133,119
593,1931-02-13,121,116,133,119
594,1931-02-14,121,116,133,119
595,1931-02-15,121,116,133,120
596,1931-02-16,121,116,133,120
597,1931-02-17,121,116,133,121
598,1931-02-18,121,116,133,122
599,1931-02-19,121,116,133,122
600,1931-02-20,121,116,133,122
601,1931-02-21,121,116,133,122
602,1931-02-22,121,117,133,119
603,1931-02-23,121,117,133,119
604,1931-02-24,121,117,133,121
605,1931-02-25,121,117,133,121
606,1931-02-26,121,117,133,121
607,1931-02-27,121,117,133,121
608,1931-02-28,121,117,133,121
609,1931-03-01,121,119,132,120
610,1931-03-02,121,119,132,120
611,1931-03-03,121,119,131,118
612,1931-03-04,121,119,131,118
613,1931-03-05,121,119,131,118
614,1931-03-06,121,119,131,118
615,1931-03-07,121,119,131,118
616,1931-03-08,121,119,131,118
617,1931-03-09,121,119,131,118
618,1931-03-10,121,119,131,118
619,1931-03-11,121,119,132,119
620,1931-03-12,121,119,132,119
621,1931-03-13,121,119,132,119
622,1931-03-14,121,119,132,119
623,1931-03-15,121,119,132,119
624,1931-03-16,121,119,132,119
625,1931-03-17,121,119,132,120
626,1931-03-18,121,119,132,120
627,1931-03-19,121,119,132,120
628,1931-03-20,121,120,132,120
629,1931-03-21,121,120,132,120
630,1931-03-22,121,120,132,120
631,1931-03-23,121,120,132,120
632,1931-03-24,121,120,132,120
633,1931-03-25,121,120,132,121
634,1931-03-26,121,120,132,121
635,1931-03-27,121,120,132,121
636,1931-03-28,121,120,132,121
637,1931-03-29,121,120,132,121
638,1931-03-30,121,120,132,121
639,1931-03-31,121,120,132,121
640,1931-04-01,121,120,132,121
641,1931-04-02,121,120,132,121
642,1931-04-03,121,120,132,121
643,1931-04-04,121,120,132,121
644,1931-04-05,121,120,132,121
645,1931-04-06,121,120,132,121
646,1931-04-07,121,120,132,122
647,1931-04-08,121,120,132,122
648,1931-04-09,121,120,132,123
649,1931-04-10,121,120,132,123
650,1931-04-11,121,120,132,123
651,1931-04-12,121,120,132,126
652,1931-04-13,121,120,132,126
653,1931-04-14,121,120,132,126
654,1931-04-15,121,120,132,126
655,1931-04-16,121,120,132,126
656,1931-04-17,121,120,132,126
657,1931-04-18,121,120,132,127
658,1931-04-19,121,120,132,127
659,1931-04-20,121,120,132,127
660,1931-04-21,121,120,132,127
661,1931-04-22,121,120,132,128
662,1931-04-23,121,121,132,128
663,1931-04-24,121,121,132,128
664,1931-04-25,121,121,132,128
665,1931-04-26,121,121,132,128
666,1931-04-27,121,121,132,128
667,1931-04-28,121,121,132,128
668,1931-04-29,121,121,132,128
669,1931-04-30,121,121,132,128
670,1931-05-01,121,121,132,128
671,1931-05-02,121,121,132,128
672,1931-05-03,121,121,132,128
673,1931-05-04,121,121,132,128
674,1931-05-05,121,121,132,128
675,1931-05-06,121,121,132,128
676,1931-05-07,121,121,132,128
677,1931-05-08,121,121,132,128
678,1931-05-09,121,121,132,128
679,1931-05-10,121,121,132,128
680,1931-05-11,121,121,132,128
681,1931-05-12,121,121,132,128
682,1931-05-13,121,121,132,128
683,1931-05-14,121,121,132,128
684,1931-05-15,121,121,132,128
685,1931-05-16,121,121,132,128
686,1931-05-17,121,121,132,128
687,1931-05-18,121,121,132,128
688,1931-05-19,121,121,132,128
689,1931-05-20,121,121,132,128
690,1931-05-21,121,121,132,128
691,1931-05-22,121,121,132,128
692,1931-05-23,121,121,132,128
693,1931-05-24,121,121,132,129
694,1931-05-25,121,121,132,129
695,1931-05-26,121,121,132,129
696,1931-05-27,121,121,132,129
697,1931-05-28,121,121,132,129
698,1931-05-29,121,121,132,129
699,1931-05-30,121,121,132,129
700,1931-05-31,121,121,132,129
701,1931-06-01,121,121,132,129
702,1931-06-02,121,121,132,129
703,1931-06-03,121,121,132,129
704,1931-06-04,121,121,132,129
705,1931-06-05,121,121,132,129
706,1931-06-06,121,121,132,129
707,1931-06-07,121,121,132,129
708,1931-06-08,121,121,132,129
709,1931-06-09,121,121,132,129
710,1931-06-10,121,121,132,129
711,1931-06-11,121,121,132,129
712,1931-06-12,121,121,132,129
713,1931-06-13,121,121,132,129
714,1931-06-14,121,121,132,129
715,1931-06-15,121,121,132,129
716,1931-06-16,121,121,132,129
717,1931-06-17,121,121,132,129
718,1931-06-18,121,121,132,129
719,1931-06-19,121,121,132,129
720,1931-06-20,121,121,132,129
721,1931-06-21,121,121,132,129
722,1931-06-22,121,121,132,129
723,1931-06-23,121,121,132,129
724,1931-06-24,121,121,132,129
725,1931-06-25,121,121,132,130
726,1931-06-26,121,121,132,130
727,1931-06-27,121,121,132,130
728,1931-06-28,121,121,132,130
729,1931-06-29,121,121,132,130
730,1931-06-30,121,121,132,130
731,1931-07-01,121,121,132,130
732,1931-07-02,121,121,132,130
733,1931-07-03,121,121,132,130
734,1931-07-04,121,121,132,130
735,1931-07-05,121,121,132,130
736,1931-07-06,121,121,132,130
737,1931-07-07,121,121,132,130
738,1931-07-08,121,121,132,130
739,1931-07-09,121,121,132,130
740,1931-07-10,121,121,132,130
741,1931-07-11,121,121,132,130
742,1931-07-12,121,121,132,130
743,1931-07-13,121,121,132,130
744,1931-07-14,121,121,132,130
745,1931-07-15,121,121,132,130
746,1931-07-16,121,121,132,130
747,1931-07-17,121,121,132,130
748,1931-07-18,121,121,132,130
749,1931-07-19,121,121,132,130
750,1931-07-20,121,121,132,130
751,1931-07-21,121,121,132,130
752,1931-07-22,121,121,132,130
753,1931-07-23,121,121,132,130
754,1931-07-24,121,121,132,130
755,1931-07-25,121,121,132,130
756,1931-07-26,121,121,132,130
757,1931-07-27,121,121,132,130
758,1931-07-28,121,121,132,130
759,1931-07-29,121,121,132,130
760,1931-07-30,121,121,132,130
761,1931-07-31,121,121,132,130
762,1931-08-01,121,121,132,130
763,1931-08-02,121,121,132,130
764,1931-08-03,121,121,132,130
765,1931-08-04,121,121,132,130
766,1931-08-05,121,121,132,130
767,1931-08-06,121,121,132,130
768,1931-08-07,121,121,132,130
769,1931-08-08,121,121,132,130
770,1931-08-09,121,121,132,130
771,1931-08-10,121,121,132,130
772,1931-08-11,121,121,132,130
773,1931-08-12,121,121,132,130
774,1931-08-13,121,121,132,130
775,1931-08-14,121,121,132,130
776,1931-08-15,121,121,132,130
777,1931-08-16,121,121,132,130
778,1931-08-17,121,121,132,130
779,1931-08-18,121,121,132,130
780,1931-08-19,121,121,132,130
781,1931-08-20,121,121,132,130
782,1931-08-21,121,121,132,130
783,1931-08-22,121,121,132,130
784,1931-08-23,121,121,132,130
785,1931-08-24,121,121,132,130
786,1931-08-25,121,121,132,130
787,1931-08-26,121,121,132,130
788,1931-08-27,121,121,132,130
789,1931-08-28,121,121,132,130
790,1931-08-29,121,121,132,130
791,1931-08-30,121,121,132,130
792,1931-08-31,121,121,132,130
793,1931-09-01,121,121,132,130
794,1931-09-02,121,121,132,130
795,1931-09-03,121,121,132,130
796,1931-09-04,121,121,132,130
797,1931-09-05,121,121,132,130
798,1931-09-06,121,121,132,130
799,1931-09-07,121,121,132,130
800,1931-09-08,121,121,132,130
801,1931-09-09,121,121,132,130
802,1931-09-10,121,121,132,130
803,1931-09-11,121,121,132,130
804,1931-09-12,121,121,132,130
805,1931-09-13,121,121,132,130
806,1931-09-14,121,121,132,130
807,1931-09-15,121,121,132,130
808,1931-09-16,121,121,132,130
809,1931-09-17,121,121,132,130
810,1931-09-18,120,120,132,130
811,1931-09-19,120,120,132,130
812,1931-09-20,120,120,132,130
813,1931-09-21,120,120,132,130
814,1931-09-22,119,119,132,130
815,1931-09-23,119,119,132,130
816,1931-09-24,119,119,132,130
817,1931-09-25,119,119,132,130
818,1931-09-26,119,119,132,130
819,1931-09-27,119,119,132,130
820,1931-09-28,119,119,132,130
821,1931-09-29,119,119,132,130
822,1931-09-30,119,119,132,130
823,1931-10-01,119,119,132,130
824,1931-10-02,119,119,132,130
825,1931-10-03,119,119,132,130
826,1931-10-04,119,119,132,130
827,1931-10-05,119,119,131,129
828,1931-10-06,119,119,131,129
829,1931-10-07,119,119,131,129
830,1931-10-08,119,119,131,129
831,1931-10-09,119,119,131,129
832,1931-10-10,119,119,131,129
833,1931-10-11,119,119,131,129
834,1931-10-12,119,119,131,129
835,1931-10-13,118,118,131,129
836,1931-10-14,118,118,131,129
837,1931-10-15,118,118,131,129
838,1931-10-16,118,117,131,129
839,1931-10-17,118,117,131,129
840,1931-10-18,118,117,131,129
841,1931-10-19,118,117,131,129
842,1931-10-20,118,117,131,129
843,1931-10-21,118,117,131,129
844,1931-10-22,118,117,131,129
845,1931-10-23,118,117,131,129
846,1931-10-24,118,117,131,129
847,1931-10-25,118,117,131,130
848,1931-10-26,118,117,131,130
849,1931-10-27,118,116,131,130
850,1931-10-28,118,116,131,130
851,1931-10-29,118,116,131,130
852,1931-10-30,118,116,131,130
853,1931-10-31,118,116,131,130
854,1931-11-01,118,116,131,130
855,1931-11-02,118,116,131,130
856,1931-11-03,118,116,131,130
857,1931-11-04,118,116,131,130
858,1931-11-05,118,116,131,130
859,1931-11-06,118,116,131,130
860,1931-11-07,118,116,131,130
861,1931-11-08,118,116,131,130
862,1931-11-09,118,116,131,130
863,1931-11-10,118,116,131,130
864,1931-11-11,118,116,131,130
865,1931-11-12,118,116,131,130
866,1931-11-13,118,116,131,130
867,1931-11-14,118,115,131,130
868,1931-11-15,117,114,131,130
869,1931-11-16,117,114,131,130
870,1931-11-17,117,114,130,129
871,1931-11-18,117,114,130,129
872,1931-11-19,117,114,130,129
873,1931-11-20,117,114,130,129
874,1931-11-21,117,114,129,128
875,1931-11-22,117,114,129,128
876,1931-11-23,117,114,129,128
877,1931-11-24,117,114,129,128
878,1931-11-25,117,114,129,128
879,1931-11-26,117,114,128,127
880,1931-11-27,117,114,128,127
881,1931-11-28,116,112,128,127
882,1931-11-29,116,112,128,127
883,1931-11-30,116,112,128,127
884,1931-12-01,116,111,128,127
885,1931-12-02,116,111,128,127
886,1931-12-03,116,111,128,127
887,1931-12-04,116,111,128,127
888,1931-12-05,116,110,128,127
889,1931-12-06,116,109,128,127
890,1931-12-07,116,109,128,127
891,1931-12-08,116,109,128,127
892,1931-12-09,116,109,128,127
893,1931-12-10,116,108,128,127
894,1931-12-11,116,108,128,127
895,1931-12-12,116,108,128,127
896,1931-12-13,116,108,128,127
897,1931-12-14,116,108,128,127
898,1931-12-15,116,108,128,127
899,1931-12-16,116,108,128,127
900,1931-12-17,116,108,127,125
901,1931-12-18,116,108,127,125
902,1931-12-19,116,108,127,125
903,1931-12-20,116,108,126,124
904,1931-12-21,116,108,126,124
905,1931-12-22,116,108,126,124
906,1931-12-23,116,108,124,122
907,1931-12-24,116,108,124,122
908,1931-12-25,116,108,123,121
909,1931-12-26,116,108,123,121
910,1931-12-27,116,108,122,120
911,1931-12-28,116,108,122,120
912,1931-12-29,116,108,122,120
913,1931-12-30,116,108,120,118
914,1931-12-31,116,108,120,118
915,1932-01-01,116,108,120,118
916,1932-01-02,116,108,120,118
917,1932-01-03,116,108,121,118
918,1932-01-04,116,108,121,118
919,1932-01-05,116,108,120,116
920,1932-01-06,116,108,120,116
921,1932-01-07,115,107,120,116
922,1932-01-08,115,107,120,116
923,1932-01-09,115,107,120,115
924,1932-01-10,115,107,120,115
925,1932-01-11,115,107,120,115
926,1932-01-12,114,107,120,115
927,1932-01-13,114,107,120,115
928,1932-01-14,114,107,120,115
929,1932-01-15,114,107,120,115
930,1932-01-16,114,107,120,115
931,1932-01-17,114,107,120,115
932,1932-01-18,114,107,120,115
933,1932-01-19,114,107,120,115
934,1932-01-20,114,107,120,115
935,1932-01-21,114,107,120,115
936,1932-01-22,114,107,120,115
937,1932-01-23,114,107,120,115
938,1932-01-24,114,107,120,115
939,1932-01-25,114,107,120,115
940,1932-01-26,114,107,120,115
941,1932-01-27,114,107,120,115
942,1932-01-28,114,107,120,115
943,1932-01-29,114,107,120,115
944,1932-01-30,114,107,120,115
945,1932-01-31,114,107,120,115
946,1932-02-01,114,107,120,115
947,1932-02-02,114,107,120,115
948,1932-02-03,114,107,120,115
949,1932-02-04,114,107,120,115
950,1932-02-05,114,107,120,115
951,1932-02-06,114,107,120,115
952,1932-02-07,114,107,120,115
953,1932-02-08,114,107,120,115
954,1932-02-09,114,107,120,115
955,1932-02-10,114,107,120,115
956,1932-02-11,114,107,120,115
957,1932-02-12,114,107,120,115
958,1932-02-13,114,108,120,115
959,1932-02-14,114,108,120,115
960,1932-02-15,114,108,120,115
961,1932-02-16,114,108,120,116
962,1932-02-17,114,108,120,116
963,1932-02-18,114,108,120,116
964,1932-02-19,114,108,120,116
965,1932-02-20,114,108,120,116
966,1932-02-21,114,108,120,116
967,1932-02-22,114,108,120,116
968,1932-02-23,114,108,120,116
969,1932-02-24,114,108,120,116
970,1932-02-25,114,108,120,116
971,1932-02-26,114,108,120,116
972,1932-02-27,114,108,120,116
973,1932-02-28,114,109,120,117
974,1932-02-29,114,109,120,117
975,1932-03-01,114,109,120,117
976,1932-03-02,114,109,120,117
977,1932-03-03,114,109,120,117
978,1932-03-04,114,109,120,117
979,1932-03-05,114,109,120,117
980,1932-03-06,114,109,120,117
981,1932-03-07,114,109,120,117
982,1932-03-08,114,109,120,117
983,1932-03-09,114,109,120,117
984,1932-03-10,114,109,120,117
985,1932-03-11,114,108,120,117
986,1932-03-12,114,108,120,117
987,1932-03-13,114,108,120,118
988,1932-03-14,114,108,120,118
989,1932-03-15,114,108,120,118
990,1932-03-16,114,108,120,119
991,1932-03-17,114,108,120,119
992,1932-03-18,114,108,120,119
993,1932-03-19,114,108,120,119
994,1932-03-20,114,108,120,119
995,1932-03-21,114,108,120,119
996,1932-03-22,114,108,120,119
997,1932-03-23,114,108,120,119
998,1932-03-24,114,108,120,119
999,1932-03-25,114,108,120,119
1000,1932-03-26,114,108,120,119
1001,1932-03-27,114,108,120,119
1002,1932-03-28,114,108,120,119
1003,1932-03-29,114,109,120,119
1004,1932-03-30,114,109,120,119
1005,1932-03-31,114,109,120,119
1006,1932-04-01,114,109,120,119
1007,1932-04-02,114,109,120,119
1008,1932-04-03,114,109,120,119
1009,1932-04-04,114,109,120,119
1010,1932-04-05,114,109,120,119
1011,1932-04-06,114,109,120,119
1012,1932-04-07,114,109,120,119
1013,1932-04-08,114,109,120,119
1014,1932-04-09,114,109,120,119
1015,1932-04-10,114,109,120,119
1016,1932-04-11,114,109,120,119
1017,1932-04-12,114,109,120,119
1018,1932-04-13,114,109,120,119
1019,1932-04-14,114,109,120,119
1020,1932-04-15,114,109,120,119
1021,1932-04-16,114,109,120,119
1022,1932-04-17,114,109,120,119
1023,1932-04-18,114,109,120,119
1024,1932-04-19,114,109,120,119
1025,1932-04-20,114,109,120,119
1026,1932-04-21,114,109,120,119
1027,1932-04-22,114,109,120,119
1028,1932-04-23,114,109,120,119
1029,1932-04-24,114,109,120,119
1030,1932-04-25,114,109,120,119
1031,1932-04-26,114,109,120,119
1032,1932-04-27,114,109,120,119
1033,1932-04-28,114,109,120,119
1034,1932-04-29,114,109,120,119
1035,1932-04-30,114,109,120,119
1036,1932-05-01,114,109,120,119
1037,1932-05-02,114,109,120,119
1038,1932-05-03,114,109,120,119
1039,1932-05-04,114,109,120,119
1040,1932-05-05,114,109,120,119
1041,1932-05-06,114,109,120,119
1042,1932-05-07,114,109,120,119
1043,1932-05-08,114,109,120,119
1044,1932-05-09,114,109,120,119
1045,1932-05-10,114,109,120,119
1046,1932-05-11,114,110,120,119
1047,1932-05-12,114,110,120,119
1048,1932-05-13,114,110,120,119
1049,1932-05-14,114,110,120,119
1050,1932-05-15,114,110,120,119
1051,1932-05-16,114,110,120,119
1052,1932-05-17,114,110,120,119
1053,1932-05-18,114,110,120,119
1054,1932-05-19,114,110,120,119
1055,1932-05-20,114,110,120,119
1056,1932-05-21,114,110,120,119
1057,1932-05-22,115,111,120,119
1058,1932-05-23,115,111,120,119
1059,1932-05-24,115,111,120,119
1060,1932-05-25,115,111,120,119
1061,1932-05-26,115,111,120,118
1062,1932-05-27,115,111,120,118
1063,1932-05-28,115,111,120,118
1064,1932-05-29,115,111,120,118
1065,1932-05-30,115,111,120,118
1066,1932-05-31,115,111,120,118
1067,1932-06-01,115,111,120,118
1068,1932-06-02,115,112,120,118
1069,1932-06-03,114,111,120,118
1070,1932-06-04,114,111,120,118
1071,1932-06-05,114,111,120,118
1072,1932-06-06,114,111,120,118
1073,1932-06-07,113,110,120,118
1074,1932-06-08,113,111,120,118
1075,1932-06-09,113,111,120,118
1076,1932-06-10,113,111,120,118
1077,1932-06-11,113,111,120,118
1078,1932-06-12,113,111,120,118
1079,1932-06-13,113,111,120,118
1080,1932-06-14,113,111,120,118
1081,1932-06-15,113,111,120,118
1082,1932-06-16,113,111,120,118
1083,1932-06-17,113,111,120,118
1084,1932-06-18,113,111,120,118
1085,1932-06-19,113,111,120,118
1086,1932-06-20,113,111,120,118
1087,1932-06-21,113,111,120,118
1088,1932-06-22,113,111,120,118
1089,1932-06-23,113,111,120,118
1090,1932-06-24,113,111,120,118
1091,1932-06-25,113,111,120,118
1092,1932-06-26,113,111,120,118
1093,1932-06-27,113,111,120,118
1094,1932-06-28,113,111,120,118
1095,1932-06-29,113,111,120,118
1096,1932-06-30,113,111,120,118
1097,1932-07-01,113,111,120,118
1098,1932-07-02,113,111,121,119
1099,1932-07-03,113,111,121,119
1100,1932-07-04,113,111,121,119
1101,1932-07-05,113,111,121,119
1102,1932-07-06,112,110,121,119
1103,1932-07-07,112,110,121,119
1104,1932-07-08,112,110,121,119
1105,1932-07-09,112,110,121,119
1106,1932-07-10,112,110,121,119
1107,1932-07-11,112,110,121,119
1108,1932-07-12,112,110,121,119
1109,1932-07-13,112,110,121,119
1110,1932-07-14,112,110,121,119
1111,1932-07-15,112,110,121,119
1112,1932-07-16,112,110,121,119
1113,1932-07-17,112,110,121,119
1114,1932-07-18,112,110,121,119
1115,1932-07-19,112,110,121,119
1116,1932-07-20,112,110,121,119
1117,1932-07-21,112,110,121,119
1118,1932-07-22,112,110,121,119
1119,1932-07-23,112,110,121,119
1120,1932-07-24,112,110,121,119
1121,1932-07-25,112,110,121,119
1122,1932-07-26,112,110,121,119
1123,1932-07-27,112,110,121,119
1124,1932-07-28,112,110,121,119
1125,1932-07-29,112,110,121,119
1126,1932-07-30,112,110,121,119
1127,1932-07-31,112,110,121,119
1128,1932-08-01,112,110,121,119
1129,1932-08-02,112,110,121,119
1130,1932-08-03,112,110,121,119
1131,1932-08-04,112,110,121,119
1132,1932-08-05,112,110,121,119
1133,1932-08-06,112,110,121,119
1134,1932-08-07,112,110,121,119
1135,1932-08-08,112,110,121,119
1136,1932-08-09,112,110,121,119
1137,1932-08-10,112,110,121,119
1138,1932-08-11,112,110,121,119
1139,1932-08-12,112,110,121,119
1140,1932-08-13,112,110,121,119
1141,1932-08-14,112,110,121,119
1142,1932-08-15,112,110,121,119
1143,1932-08-16,112,110,121,119
1144,1932-08-17,112,110,121,119
1145,1932-08-18,112,110,121,119
1146,1932-08-19,112,110,121,119
1147,1932-08-20,112,110,121,119
1148,1932-08-21,112,110,121,119
1149,1932-08-22,112,110,121,119
1150,1932-08-23,112,110,121,119
1151,1932-08-24,112,110,121,119
1152,1932-08-25,112,110,121,119
1153,1932-08-26,112,110,121,119
1154,1932-08-27,112,110,121,119
1155,1932-08-28,112,110,121,119
1156,1932-08-29,112,110,121,119
1157,1932-08-30,112,110,121,119
1158,1932-08-31,112,110,121,119
1159,1932-09-01,112,110,121,119
1160,1932-09-02,112,110,121,119
1161,1932-09-03,112,110,121,119
1162,1932-09-04,112,110,121,119
1163,1932-09-05,112,110,121,119
1164,1932-09-06,112,110,121,119
1165,1932-09-07,112,110,121,119
1166,1932-09-08,112,110,121,119
1167,1932-09-09,112,110,121,119
1168,1932-09-10,112,110,121,119
1169,1932-09-11,112,110,121,119
1170,1932-09-12,112,110,121,119
1171,1932-09-13,112,110,121,119
1172,1932-09-14,112,110,121,119
1173,1932-09-15,112,110,121,119
1174,1932-09-16,112,110,121,119
1175,1932-09-17,112,110,121,119
1176,1932-09-18,112,110,121,119
1177,1932-09-19,112,110,121,119
1178,1932-09-20,112,110,121,119
1179,1932-09-21,112,110,121,119
1180,1932-09-22,112,110,121,119
1181,1932-09-23,112,110,121,119
1182,1932-09-24,112,110,121,119
1183,1932-09-25,112,110,121,119
1184,1932-09-26,112,110,121,119
1185,1932-09-27,112,110,121,119
1186,1932-09-28,112,110,121,119
1187,1932-09-29,112,110,121,119
1188,1932-09-30,112,110,121,119
1189,1932-10-01,112,110,121,119
1190,1932-10-02,112,110,121,119
1191,1932-10-03,112,110,121,119
1192,1932-10-04,112,110,121,119
1193,1932-10-05,112,110,121,119
1194,1932-10-06,112,110,121,119
1195,1932-10-07,112,110,121,119
1196,1932-10-08,112,110,121,119
1197,1932-10-09,112,110,121,119
1198,1932-10-10,112,110,121,119
1199,1932-10-11,112,110,121,119
1200,1932-10-12,112,110,121,119
1201,1932-10-13,112,110,121,119
1202,1932-10-14,112,110,121,119
1203,1932-10-15,112,110,121,119
1204,1932-10-16,112,110,121,119
1205,1932-10-17,112,110,121,119
1206,1932-10-18,112,110,121,119
1207,1932-10-19,112,110,121,119
1208,1932-10-20,112,110,121,119
1209,1932-10-21,112,110,121,119
1210,1932-10-22,112,110,121,119
1211,1932-10-23,112,110,121,119
1212,1932-10-24,112,110,121,119
1213,1932-10-25,112,110,121,119
1214,1932-10-26,112,110,121,119
1215,1932-10-27,112,110,121,119
1216,1932-10-28,112,110,121,119
1217,1932-10-29,112,110,121,119
1218,1932-10-30,112,110,121,119
1219,1932-10-31,112,110,121,119
1220,1932-11-01,112,110,120,118
1221,1932-11-02,112,110,120,118
1222,1932-11-03,112,110,120,118
1223,1932-11-04,112,110,120,118
1224,1932-11-05,112,110,120,118
1225,1932-11-06,112,110,120,118
1226,1932-11-07,112,110,120,118
1227,1932-11-08,112,110,120,118
1228,1932-11-09,112,110,120,118
1229,1932-11-10,112,110,120,118
1230,1932-11-11,112,110,120,118
1231,1932-11-12,112,110,120,118
1232,1932-11-13,112,110,120,118
1233,1932-11-14,112,110,120,118
1234,1932-11-15,112,110,120,118
1235,1932-11-16,112,110,120,118
1236,1932-11-17,112,110,120,118
1237,1932-11-18,112,110,120,118
1238,1932-11-19,112,110,120,118
1239,1932-11-20,112,110,120,119
1240,1932-11-21,112,110,120,119
1241,1932-11-22,112,110,120,119
1242,1932-11-23,112,110,121,120
1243,1932-11-24,112,110,121,120
1244,1932-11-25,112,110,121,120
1245,1932-11-26,112,110,121,120
1246,1932-11-27,112,110,121,120
1247,1932-11-28,112,110,121,120
1248,1932-11-29,112,110,121,120
1249,1932-11-30,112,110,121,120
1250,1932-12-01,112,110,121,120
1251,1932-12-02,112,110,121,120
1252,1932-12-03,112,110,121,120
1253,1932-12-04,112,110,121,120
1254,1932-12-05,112,110,121,120
1255,1932-12-06,112,110,121,120
1256,1932-12-07,112,110,121,120
1257,1932-12-08,112,110,121,120
1258,1932-12-09,112,110,121,120
1259,1932-12-10,112,110,121,120
1260,1932-12-11,112,110,121,120
1261,1932-12-12,112,110,121,120
1262,1932-12-13,112,110,121,120
1263,1932-12-14,112,110,121,120
1264,1932-12-15,112,110,121,120
1265,1932-12-16,112,110,121,120
1266,1932-12-17,112,110,121,120
1267,1932-12-18,112,110,121,120
1268,1932-12-19,112,110,121,120
1269,1932-12-20,112,110,121,120
1270,1932-12-21,112,110,121,120
1271,1932-12-22,112,110,121,120
1272,1932-12-23,112,110,121,120
1273,1932-12-24,112,110,120,119
1274,1932-12-25,112,110,120,119
1275,1932-12-26,112,110,120,119
1276,1932-12-27,112,110,120,119
1277,1932-12-28,112,110,120,119
1278,1932-12-29,112,110,120,119
1279,1932-12-30,112,110,120,119
1280,1932-12-31,112,110,120,119
1281,1933-01-01,112,110,119,118
1282,1933-01-02,112,110,119,118
1283,1933-01-03,112,110,119,118
1284,1933-01-04,112,110,119,118
1285,1933-01-05,112,110,119,118
1286,1933-01-06,112,110,119,118
1287,1933-01-07,112,110,119,118
1288,1933-01-08,112,110,119,118
1289,1933-01-09,112,110,119,118
1290,1933-01-10,112,110,118,117
1291,1933-01-11,112,110,118,117
1292,1933-01-12,112,110,118,117
1293,1933-01-13,111,109,118,117
1294,1933-01-14,111,109,118,117
1295,1933-01-15,111,109,118,117
1296,1933-01-16,111,109,118,117
1297,1933-01-17,111,109,118,117
1298,1933-01-18,111,109,118,117
1299,1933-01-19,111,109,118,117
1300,1933-01-20,111,109,118,117
1301,1933-01-21,111,109,118,117
1302,1933-01-22,111,109,118,117
1303,1933-01-23,111,109,118,117
1304,1933-01-24,111,109,118,117
1305,1933-01-25,111,109,118,117
1306,1933-01-26,111,109,118,117
1307,1933-01-27,111,109,117,116
1308,1933-01-28,111,109,117,116
1309,1933-01-29,111,109,117,116
1310,1933-01-30,111,109,117,116
1311,1933-01-31,111,109,117,116
1312,1933-02-01,111,109,117,116
1313,1933-02-02,111,109,117,116
1314,1933-02-03,111,109,117,116
1315,1933-02-04,111,109,117,116
1316,1933-02-05,111,109,117,116
1317,1933-02-06,111,109,117,116
1318,1933-02-07,111,109,117,116
1319,1933-02-08,110,108,117,116
1320,1933-02-09,110,108,117,116
1321,1933-02-10,110,108,117,116
1322,1933-02-11,110,108,115,114
1323,1933-02-12,110,108,115,114
1324,1933-02-13,110,108,115,114
1325,1933-02-14,110,108,115,114
1326,1933-02-15,110,108,115,114
1327,1933-02-16,110,108,113,112
1328,1933-02-17,110,108,113,112
1329,1933-02-18,110,108,113,112
1330,1933-02-19,109,107,113,112
1331,1933-02-20,109,107,113,112
1332,1933-02-21,109,107,113,112
1333,1933-02-22,109,107,113,112
1334,1933-02-23,109,107,113,112
1335,1933-02-24,109,107,113,112
1336,1933-02-25,109,107,113,112
1337,1933-02-26,109,107,113,112
1338,1933-02-27,109,107,113,112
1339,1933-02-28,109,107,113,112
1340,1933-03-01,109,107,113,112
1341,1933-03-02,109,107,113,112
1342,1933-03-03,109,107,113,112
1343,1933-03-04,109,107,113,112
1344,1933-03-05,109,107,113,112
1345,1933-03-06,109,107,113,112
1346,1933-03-07,109,107,112,111
1347,1933-03-08,109,107,112,111
1348,1933-03-09,109,107,112,111
1349,1933-03-10,109,107,112,111
1350,1933-03-11,109,107,112,111
1351,1933-03-12,109,107,112,111
1352,1933-03-13,109,107,112,111
1353,1933-03-14,109,107,112,111
1354,1933-03-15,109,107,112,111
1355,1933-03-16,109,107,112,111
1356,1933-03-17,109,107,112,111
1357,1933-03-18,109,107,112,111
1358,1933-03-19,108,106,112,111
1359,1933-03-20,108,106,112,111
1360,1933-03-21,108,106,112,111
1361,1933-03-22,108,106,112,111
1362,1933-03-23,108,106,112,111
1363,1933-03-24,108,106,112,111
1364,1933-03-25,108,106,112,111
1365,1933-03-26,107,105,112,111
1366,1933-03-27,107,105,112,111
1367,1933-03-28,107,105,112,111
1368,1933-03-29,107,105,112,111
1369,1933-03-30,107,105,112,111
1370,1933-03-31,107,105,112,111
1371,1933-04-01,107,105,112,111
1372,1933-04-02,107,105,112,111
1373,1933-04-03,107,105,112,111
1374,1933-04-04,107,105,112,111
1375,1933-04-05,106,104,112,111
1376,1933-04-06,106,104,112,111
1377,1933-04-07,106,104,112,111
1378,1933-04-08,106,104,112,111
1379,1933-04-09,106,104,112,111
1380,1933-04-10,106,104,112,111
1381,1933-04-11,106,104,112,111
1382,1933-04-12,106,104,112,111
1383,1933-04-13,106,104,112,111
1384,1933-04-14,106,104,112,111
1385,1933-04-15,106,104,112,111
1386,1933-04-16,106,104,112,111
1387,1933-04-17,106,104,112,111
1388,1933-04-18,106,104,112,111
1389,1933-04-19,106,104,112,111
1390,1933-04-20,106,104,112,111
1391,1933-04-21,106,104,112,111
1392,1933-04-22,106,104,112,111
1393,1933-04-23,106,104,111,110
1394,1933-04-24,106,104,111,110
1395,1933-04-25,106,104,111,110
1396,1933-04-26,106,104,111,110
1397,1933-04-27,106,104,111,110
1398,1933-04-28,106,104,111,110
1399,1933-04-29,106,104,111,110
1400,1933-04-30,105,103,111,110
1401,1933-05-01,105,103,111,110
1402,1933-05-02,105,103,111,110
1403,1933-05-03,105,103,111,110
1404,1933-05-04,105,103,111,110
1405,1933-05-05,105,103,111,110
1406,1933-05-06,105,103,111,110
1407,1933-05-07,105,103,111,110
1408,1933-05-08,105,103,111,110
1409,1933-05-09,105,103,111,110
1410,1933-05-10,105,103,111,110
1411,1933-05-11,105,103,111,110
1412,1933-05-12,105,103,111,110
1413,1933-05-13,105,103,111,110
1414,1933-05-14,105,103,111,110
1415,1933-05-15,105,103,111,110
1416,1933-05-16,105,103,111,110
1417,1933-05-17,105,103,111,110
1418,1933-05-18,105,103,111,110
1419,1933-05-19,105,103,111,110
1420,1933-05-20,104,102,111,110
1421,1933-05-21,104,102,111,110
1422,1933-05-22,104,102,111,110
1423,1933-05-23,104,102,111,110
1424,1933-05-24,104,102,111,110
1425,1933-05-25,104,102,111,110
1426,1933-05-26,104,102,111,110
1427,1933-05-27,104,102,111,110
1428,1933-05-28,104,102,111,110
1429,1933-05-29,104,102,111,110
1430,1933-05-30,104,102,111,110
1431,1933-05-31,104,102,111,110
1432,1933-06-01,104,102,111,110
1433,1933-06-02,104,102,111,110
1434,1933-06-03,104,102,111,110
1435,1933-06-04,104,102,111,110
1436,1933-06-05,104,102,111,110
1437,1933-06-06,104,102,111,110
1438,1933-06-07,104,102,111,110
1439,1933-06-08,104,102,111,110
1440,1933-06-09,104,102,111,110
1441,1933-06-10,104,102,111,110
1442,1933-06-11,104,102,111,110
1443,1933-06-12,104,102,111,110
1444,1933-06-13,104,102,111,110
1445,1933-06-14,104,102,111,110
1446,1933-06-15,104,102,111,110
1447,1933-06-16,104,102,111,110
1448,1933-06-17,104,102,111,110
1449,1933-06-18,103,101,111,110
1450,1933-06-19,103,101,111,110
1451,1933-06-20,103,101,111,110
1452,1933-06-21,103,101,111,110
1453,1933-06-22,102,100,111,110
1454,1933-06-23,102,100,111,110
1455,1933-06-24,102,100,111,110
1456,1933-06-25,102,100,111,110
1457,1933-06-26,102,100,111,110
1458,1933-06-27,102,100,111,110
1459,1933-06-28,102,100,111,110
1460,1933-06-29,102,100,111,110
1461,1933-06-30,102,100,111,110
1462,1933-07-01,102,100,111,110
1463,1933-07-02,102,100,111,110
1464,1933-07-03,102,100,111,110
1465,1933-07-04,102,100,111,110
1466,1933-07-05,102,100,111,110
1467,1933-07-06,102,100,111,110
1468,1933-07-07,102,100,111,110
1469,1933-07-08,102,100,111,110
1470,1933-07-09,102,100,111,110
1471,1933-07-10,102,100,111,110
1472,1933-07-11,102,100,111,110
1473,1933-07-12,102,100,111,110
1474,1933-07-13,102,100,111,110
1475,1933-07-14,102,100,111,110
1476,1933-07-15,102,100,111,110
1477,1933-07-16,102,100,111,110
1478,1933-07-17,102,100,111,110
1479,1933-07-18,102,100,111,110
1480,1933-07-19,102,100,111,110
1481,1933-07-20,102,100,111,110
1482,1933-07-21,102,100,111,110
1483,1933-07-22,102,100,111,110
1484,1933-07-23,102,100,111,110
1485,1933-07-24,102,100,111,110
1486,1933-07-25,102,100,111,110
1487,1933-07-26,102,100,111,110
1488,1933-07-27,102,100,111,110
1489,1933-07-28,102,100,111,110
1490,1933-07-29,102,100,111,110
1491,1933-07-30,102,100,111,110
1492,1933-07-31,102,100,111,110
1493,1933-08-01,102,100,111,110
1494,1933-08-02,102,100,111,110
1495,1933-08-03,102,100,111,110
1496,1933-08-04,102,100,111,110
1497,1933-08-05,102,100,111,110
1498,1933-08-06,102,100,111,110
1499,1933-08-07,102,100,111,110
1500,1933-08-08,102,100,111,110
1501,1933-08-09,102,100,111,110
1502,1933-08-10,102,100,111,110
1503,1933-08-11,102,100,111,110
1504,1933-08-12,102,100,111,110
1505,1933-08-13,102,100,111,110
1506,1933-08-14,102,100,111,110
1507,1933-08-15,102,100,111,110
1508,1933-08-16,102,100,111,110
1509,1933-08-17,102,100,111,110
1510,1933-08-18,102,100,111,110
1511,1933-08-19,102,100,111,110
1512,1933-08-20,102,100,111,110
1513,1933-08-21,102,100,111,110
1514,1933-08-22,102,100,111,110
1515,1933-08-23,102,100,111,110
1516,1933-08-24,102,100,111,110
1517,1933-08-25,102,100,111,110
1518,1933-08-26,102,100,111,110
1519,1933-08-27,102,100,111,110
1520,1933-08-28,102,100,111,110
1521,1933-08-29,102,100,111,110
1522,1933-08-30,102,100,111,110
1523,1933-08-31,102,100,111,110
1524,1933-09-01,102,100,111,110
1525,1933-09-02,102,100,111,110
1526,1933-09-03,102,100,111,110
1527,1933-09-04,102,100,111,110
1528,1933-09-05,102,100,111,110
1529,1933-09-06,102,100,111,110
1530,1933-09-07,102,100,110,109
1531,1933-09-08,102,100,110,109
1532,1933-09-09,102,100,110,109
1533,1933-09-10,102,100,110,109
1534,1933-09-11,102,100,110,109
1535,1933-09-12,102,100,110,109
1536,1933-09-13,102,100,110,109
1537,1933-09-14,102,100,110,109
1538,1933-09-15,102,100,110,109
1539,1933-09-16,102,100,110,109
1540,1933-09-17,102,100,110,109
1541,1933-09-18,102,100,110,109
1542,1933-09-19,102,100,110,109
1543,1933-09-20,102,100,110,109
1544,1933-09-21,102,100,110,109
1545,1933-09-22,102,100,111,110
1546,1933-09-23,102,100,111,110
1547,1933-09-24,102,100,111,110
1548,1933-09-25,102,100,111,110
1549,1933-09-26,102,100,111,110
1550,1933-09-27,102,100,111,110
1551,1933-09-28,102,100,111,110
1552,1933-09-29,102,100,111,110
1553,1933-09-30,102,100,111,110
1554,1933-10-01,102,100,111,110
1555,1933-10-02,102,100,111,110
1556,1933-10-03,102,100,111,110
1557,1933-10-04,102,100,111,110
1558,1933-10-05,102,100,111,110
1559,1933-10-06,102,100,111,110
1560,1933-10-07,102,100,111,110
1561,1933-10-08,102,100,111,110
1562,1933-10-09,102,100,111,110
1563,1933-10-10,102,100,111,110
1564,1933-10-11,102,100,111,110
1565,1933-10-12,102,100,111,110
1566,1933-10-13,102,100,111,110
1567,1933-10-14,102,100,111,110
1568,1933-10-15,102,100,111,110
1569,1933-10-16,102,100,111,110
1570,1933-10-17,102,100,111,110
1571,1933-10-18,102,100,111,110
1572,1933-10-19,102,100,111,110
1573,1933-10-20,102,100,111,110
1574,1933-10-21,102,100,111,110
1575,1933-10-22,102,100,111,110
1576,1933-10-23,102,100,111,110
1577,1933-10-24,102,100,111,110
1578,1933-10-25,102,100,111,110
1579,1933-10-26,102,100,111,110
1580,1933-10-27,102,100,111,110
1581,1933-10-28,102,100,111,110
1582,1933-10-29,102,100,111,110
1583,1933-10-30,102,100,111,110
1584,1933-10-31,102,100,111,110
1585,1933-11-01,102,100,111,110
1586,1933-11-02,102,100,111,110
1587,1933-11-03,102,100,111,110
1588,1933-11-04,102,100,111,110
1589,1933-11-05,102,100,111,110
1590,1933-11-06,102,100,111,110
1591,1933-11-07,102,100,111,110
1592,1933-11-08,102,100,111,110
1593,1933-11-09,102,100,111,110
1594,1933-11-10,102,100,111,110
1595,1933-11-11,102,100,111,110
1596,1933-11-12,102,100,111,110
1597,1933-11-13,102,100,111,110
1598,1933-11-14,102,100,111,110
1599,1933-11-15,102,100,111,110
1600,1933-11-16,102,100,111,110
1601,1933-11-17,102,100,111,110
1602,1933-11-18,102,100,111,110
1603,1933-11-19,102,100,111,110
1604,1933-11-20,102,100,111,110
1605,1933-11-21,102,100,111,110
1606,1933-11-22,102,100,111,110
1607,1933-11-23,102,100,111,110
1608,1933-11-24,102,100,111,110
1609,1933-11-25,102,100,111,110
1610,1933-11-26,102,100,111,110
1611,1933-11-27,102,100,111,110
1612,1933-11-28,102,100,111,110
1613,1933-11-29,102,100,111,110
1614,1933-11-30,102,101,111,110
1615,1933-12-01,102,101,111,110
1616,1933-12-02,102,101,111,110
1617,1933-12-03,102,101,111,110
1618,1933-12-04,102,101,111,110
1619,1933-12-05,102,101,111,110
1620,1933-12-06,102,102,111,110
1621,1933-12-07,102,102,111,110
1622,1933-12-08,102,102,111,110
1623,1933-12-09,102,102,111,110
1624,1933-12-10,102,102,111,110
1625,1933-12-11,102,102,111,110
1626,1933-12-12,102,102,111,110
1627,1933-12-13,102,102,111,110
1628,1933-12-14,102,102,111,110
1629,1933-12-15,102,102,111,110
1630,1933-12-16,102,102,111,110
1631,1933-12-17,102,102,111,110
1632,1933-12-18,102,102,111,110
1633,1933-12-19,102,102,111,110
1634,1933-12-20,102,102,111,110
1635,1933-12-21,102,102,111,110
1636,1933-12-22,102,102,111,110
1637,1933-12-23,102,102,111,110
1638,1933-12-24,102,102,111,110
1639,1933-12-25,102,102,111,110
1640,1933-12-26,102,102,111,110
1641,1933-12-27,102,102,111,110
1642,1933-12-28,102,102,111,110
1643,1933-12-29,102,102,111,110
1644,1933-12-30,102,102,111,110
1645,1933-12-31,102,102,111,110
1646,1934-01-01,102,102,111,110
1647,1934-01-02,102,102,111,110
1648,1934-01-03,102,102,111,110
1649,1934-01-04,102,102,111,110
1650,1934-01-05,102,102,111,110
1651,1934-01-06,102,102,111,110
1652,1934-01-07,102,102,111,110
1653,1934-01-08,102,102,111,110
1654,1934-01-09,102,102,111,110
1655,1934-01-10,102,102,111,110
1656,1934-01-11,102,102,111,110
1657,1934-01-12,102,102,111,110
1658,1934-01-13,102,102,110,109
1659,1934-01-14,102,102,110,109
1660,1934-01-15,102,102,110,109
1661,1934-01-16,102,102,110,109
1662,1934-01-17,102,102,110,109
1663,1934-01-18,102,102,110,109
1664,1934-01-19,102,102,110,109
1665,1934-01-20,102,102,110,109
1666,1934-01-21,102,102,110,109
1667,1934-01-22,102,102,110,109
1668,1934-01-23,102,102,110,109
1669,1934-01-24,102,102,110,109
1670,1934-01-25,102,102,110,109
1671,1934-01-26,102,102,110,109
1672,1934-01-27,102,102,110,109
1673,1934-01-28,102,102,110,109
1674,1934-01-29,102,102,110,109
1675,1934-01-30,102,102,110,109
1676,1934-01-31,102,102,110,109
1677,1934-02-01,102,102,110,109
1678,1934-02-02,102,102,110,109
1679,1934-02-03,102,102,110,109
1680,1934-02-04,102,102,110,109
1681,1934-02-05,102,102,110,109
1682,1934-02-06,102,102,110,109
1683,1934-02-07,102,102,110,109
1684,1934-02-08,102,102,110,109
1685,1934-02-09,102,102,110,109
1686,1934-02-10,102,102,110,109
1687,1934-02-11,102,102,110,109
1688,1934-02-12,102,102,110,109
1689,1934-02-13,102,102,110,109
1690,1934-02-14,102,102,110,109
1691,1934-02-15,102,102,110,109
1692,1934-02-16,102,102,110,109
1693,1934-02-17,102,102,110,109
1694,1934-02-18,102,102,110,109
1695,1934-02-19,102,102,110,109
1696,1934-02-20,102,102,110,109
1697,1934-02-21,102,102,110,109
1698,1934-02-22,102,102,110,109
1699,1934-02-23,102,102,110,109
1700,1934-02-24,102,102,110,109
1701,1934-02-25,102,102,110,109
1702,1934-02-26,102,102,110,109
1703,1934-02-27,102,102,110,109
1704,1934-02-28,102,102,110,109
1705,1934-03-01,102,102,110,109
1706,1934-03-02,102,102,110,109
1707,1934-03-03,102,102,110,109
1708,1934-03-04,102,102,110,109
1709,1934-03-05,102,102,110,109
1710,1934-03-06,102,102,110,109
1711,1934-03-07,102,102,110,109
1712,1934-03-08,102,102,110,109
1713,1934-03-09,102,102,110,109
1714,1934-03-10,102,102,110,109
1715,1934-03-11,102,102,110,109
1716,1934-03-12,102,102,110,109
1717,1934-03-13,102,102,110,109
1718,1934-03-14,102,102,110,109
1719,1934-03-15,102,102,110,109
1720,1934-03-16,102,102,110,109
1721,1934-03-17,102,102,110,109
1722,1934-03-18,102,102,110,109
1723,1934-03-19,102,102,110,109
1724,1934-03-20,102,102,110,109
1725,1934-03-21,102,102,110,109
1726,1934-03-22,102,102,110,109
1727,1934-03-23,102,102,110,109
1728,1934-03-24,102,102,110,109
1729,1934-03-25,102,102,110,109
1730,1934-03-26,102,102,110,109
1731,1934-03-27,102,102,110,109
1732,1934-03-28,102,102,110,109
1733,1934-03-29,102,102,110,109
1734,1934-03-30,102,102,110,109
1735,1934-03-31,102,102,110,109
1736,1934-04-01,102,102,110,109
1737,1934-04-02,102,102,110,109
1738,1934-04-03,102,102,110,109
1739,1934-04-04,102,102,110,109
1740,1934-04-05,102,102,110,109
1741,1934-04-06,102,102,110,109
1742,1934-04-07,102,102,110,109
1743,1934-04-08,102,102,110,109
1744,1934-04-09,102,102,110,109
1745,1934-04-10,102,102,110,109
1746,1934-04-11,102,102,110,109
1747,1934-04-12,102,102,110,109
1748,1934-04-13,102,102,110,109
1749,1934-04-14,102,102,110,109
1750,1934-04-15,102,102,110,109
1751,1934-04-16,102,102,110,109
1752,1934-04-17,102,102,110,109
1753,1934-04-18,102,102,110,109
1754,1934-04-19,102,102,110,109
1755,1934-04-20,102,102,110,109
1756,1934-04-21,102,102,110,109
1757,1934-04-22,102,102,110,109
1758,1934-04-23,102,102,110,109
1759,1934-04-24,102,102,110,109
1760,1934-04-25,102,102,110,109
1761,1934-04-26,102,102,110,109
1762,1934-04-27,102,102,110,109
1763,1934-04-28,102,102,110,109
1764,1934-04-29,102,102,110,109
1765,1934-04-30,102,102,110,109
1766,1934-05-01,102,102,110,109
1767,1934-05-02,102,102,110,109
1768,1934-05-03,102,102,110,109
1769,1934-05-04,102,102,110,109
1770,1934-05-05,102,102,110,109
1771,1934-05-06,102,102,110,109
1772,1934-05-07,102,102,110,109
1773,1934-05-08,102,102,110,109
1774,1934-05-09,102,102,110,109
1775,1934-05-10,102,102,110,109
1776,1934-05-11,102,102,110,109
1777,1934-05-12,102,102,110,109
1778,1934-05-13,102,102,110,109
1779,1934-05-14,102,102,110,109
1780,1934-05-15,102,102,110,109
1781,1934-05-16,102,102,110,109
1782,1934-05-17,102,102,110,109
1783,1934-05-18,102,102,110,109
1784,1934-05-19,102,102,110,109
1785,1934-05-20,102,102,110,109
1786,1934-05-21,102,102,110,109
1787,1934-05-22,102,102,110,109
1788,1934-05-23,102,102,110,109
1789,1934-05-24,102,102,110,109
1790,1934-05-25,102,102,110,109
1791,1934-05-26,102,102,110,109
1792,1934-05-27,102,102,110,109
1793,1934-05-28,102,102,110,109
1794,1934-05-29,102,102,110,109
1795,1934-05-30,102,102,110,109
1796,1934-05-31,102,102,110,109
1797,1934-06-01,102,102,110,109
1798,1934-06-02,102,102,110,109
1799,1934-06-03,102,102,110,109
1800,1934-06-04,102,102,110,109
1801,1934-06-05,102,102,110,109
1802,1934-06-06,102,102,110,109
1803,1934-06-07,102,102,110,109
1804,1934-06-08,102,102,110,109
1805,1934-06-09,102,102,110,109
1806,1934-06-10,102,102,110,109
1807,1934-06-11,102,102,110,109
1808,1934-06-12,102,102,110,109
1809,1934-06-13,102,102,110,109
1810,1934-06-14,102,102,110,109
1811,1934-06-15,102,102,110,109
1812,1934-06-16,102,102,110,109
1813,1934-06-17,102,102,110,109
1814,1934-06-18,102,102,110,109
1815,1934-06-19,102,102,110,109
1816,1934-06-20,102,102,110,109
1817,1934-06-21,102,102,110,109
1818,1934-06-22,102,102,110,109
1819,1934-06-23,102,102,110,109
1820,1934-06-24,102,102,110,109
1821,1934-06-25,102,102,110,109
1822,1934-06-26,102,102,110,109
1823,1934-06-27,102,102,110,109
1824,1934-06-28,102,102,110,109
1825,1934-06-29,102,102,110,109
1826,1934-06-30,102,102,110,109
1827,1934-07-01,102,102,109,108
1828,1934-07-02,102,102,109,108
1829,1934-07-03,102,102,109,108
1830,1934-07-04,102,102,109,108
1831,1934-07-05,102,102,109,108
1832,1934-07-06,102,102,109,108
1833,1934-07-07,102,102,109,108
1834,1934-07-08,102,102,109,108
1835,1934-07-09,102,102,109,108
1836,1934-07-10,102,102,109,108
1837,1934-07-11,102,102,109,108
1838,1934-07-12,102,102,109,108
1839,1934-07-13,102,102,109,108
1840,1934-07-14,102,102,109,108
1841,1934-07-15,102,102,109,108
1842,1934-07-16,102,102,109,108
1843,1934-07-17,102,102,109,108
1844,1934-07-18,102,102,109,108
1845,1934-07-19,102,102,109,108
1846,1934-07-20,102,103,109,108
1847,1934-07-21,102,103,109,108
1848,1934-07-22,102,103,109,108
1849,1934-07-23,102,103,109,108
1850,1934-07-24,102,103,109,108
1851,1934-07-25,102,103,109,108
1852,1934-07-26,102,103,109,108
1853,1934-07-27,102,103,109,108
1854,1934-07-28,102,103,109,108
1855,1934-07-29,102,103,109,108
1856,1934-07-30,102,103,109,108
1857,1934-07-31,102,103,109,108
1858,1934-08-01,102,103,109,108
1859,1934-08-02,102,103,109,108
1860,1934-08-03,102,103,109,108
1861,1934-08-04,102,103,109,108
1862,1934-08-05,102,103,109,108
1863,1934-08-06,102,103,109,108
1864,1934-08-07,102,103,109,108
1865,1934-08-08,102,103,109,108
1866,1934-08-09,102,103,109,108
1867,1934-08-10,102,103,109,108
1868,1934-08-11,102,103,109,108
1869,1934-08-12,102,103,109,108
1870,1934-08-13,102,103,109,108
1871,1934-08-14,102,103,109,108
1872,1934-08-15,102,103,109,108
1873,1934-08-16,102,103,109,108
1874,1934-08-17,102,103,109,108
1875,1934-08-18,102,103,109,108
1876,1934-08-19,102,103,109,108
1877,1934-08-20,102,103,109,108
1878,1934-08-21,102,103,109,109
